scheme_name,Scheme Codes,expense_ratio,risk_level,returns_1yr,returns_3yr,returns_5yr,Sub_Category
Aditya Birla SL Active Debt Multi-Mgr FoF-Dir Growth,100033,0.27,0.2,4,6.5,6.9,FoFs Domestic
Aditya Birla SL Arbitrage Fund,100034,0.36,0,5.6,4.8,5.5,Arbitrage Mutual Funds
Aditya Birla SL Asset Allocator FoF-Dir Growth,100037,0.53,0.4,2,18.9,9.7,FoFs Domestic
Aditya Birla SL Balanced Advantage Fund,100038,0.61,0.5,4.5,18.6,9.7,Dynamic Asset Allocation or Balanced Advantage
Aditya Birla SL Banking&Financial Services-DirGrowth,100041,1.17,0.5,5.3,24.6,9.2,Sectoral / Thematic Mutual Funds
Aditya Birla SL Banking&PSU Debt Fund,100042,0.37,0.2,4.5,6.8,7.3,Banking and PSU Mutual Funds
Aditya Birla SL Corporate Bond Fund,100043,0.31,0.1,4.9,7.1,7.4,Corporate Bond Mutual Funds
Aditya Birla SL Credit Risk Fund,100044,0.69,0.3,8.7,9,7.2,Credit Risk Funds
Aditya Birla SL Digital India Fund,100046,0.88,0.5,-14.6,39.8,21.1,Sectoral / Thematic Mutual Funds
Aditya Birla SL Dividend Yield Fund,100047,1.73,0.5,6.2,30.5,10,Dividend Yield Funds
Aditya Birla SL Dynamic Bond Fund,100048,0.64,0.2,7.5,8,6,Dynamic Bond
Aditya Birla SL Equity Advantage Fund,100049,1.14,0.5,-9.9,22.3,7.9,Large & Mid Cap Funds
Aditya Birla SL Equity Hybrid ’95 Fund,100051,1.01,0.5,-5.7,20.4,7.7,Aggressive Hybrid Mutual Funds
Aditya Birla SL Equity Savings Fund,100052,1.21,0.3,0.8,11.7,6.9,Equity Savings Mutual Funds
Aditya Birla SL Flexi Cap Fund,100053,0.86,0.5,-2.1,25,10.4,Flexi Cap Funds
Aditya Birla SL Floating Rate Fund,100054,0.23,0.1,5.8,6.4,6.8,Floater Mutual Funds
Aditya Birla SL Focused Equity Fund,100055,1.06,0.5,-0.7,24,10.7,Focused Funds
Aditya Birla SL FP FoF – Aggressive – Direct Growth,100056,0.22,0.5,2.5,21.7,10.7,FoFs Domestic
Aditya Birla SL FP FoF – Conservative – Direct Growth,100057,0.34,0.3,4.7,13.3,8.2,FoFs Domestic
Aditya Birla SL FP FoF – Moderate – Direct Growth,100058,0.36,0.4,3.7,17.3,9.4,FoFs Domestic
Aditya Birla SL Frontline Equity Fund,100059,1.03,0.5,1.6,26.3,10.6,Large Cap Mutual Funds
Aditya Birla SL Gold Fund,100060,0.15,0.4,11.8,12.1,13.2,FoFs Domestic
Aditya Birla SL Govt Securities Fund,100061,0.29,0.2,3.6,6,8,Gilt Mutual Funds
Aditya Birla SL Income Fund,100062,0.49,0.2,3.5,7.1,7.7,Medium to Long Duration Funds
Aditya Birla SL India GenNext Fund,100063,0.82,0.5,4.6,25,13.3,Sectoral / Thematic Mutual Funds
Aditya Birla SL Infrastructure Fund,100064,1.7,0.5,13.5,35.6,9.2,Sectoral / Thematic Mutual Funds
Aditya Birla SL Inter Equity – Plan B-Direct Growth,100065,2.15,0.5,-4.1,22.7,7.6,Sectoral / Thematic Mutual Funds
Aditya Birla SL Liquid Fund,100066,0.21,0.2,5.7,4.4,5.4,Liquid Mutual Funds
Aditya Birla SL Low Duration Fund,100067,0.39,0.2,5.7,6.5,7,Low Duration Funds
Aditya Birla SL Manufacturing Equity Fund,100956,1.56,0.5,-2.9,21.7,6.8,Sectoral / Thematic Mutual Funds
Aditya Birla SL Medium Term Plan – Direct Growth,100970,0.86,0.3,22.1,14.5,8.6,Medium Duration Funds
Aditya Birla SL Midcap Fund,100971,1.2,0.5,-3.6,28,8.3,Mid Cap Mutual Funds
Aditya Birla SL Money Manager Fund,100972,0.21,0.2,5.6,5.6,6.4,Money Market Funds
Aditya Birla SL Nifty 50 Index Fund,101313,0.32,0.5,0.7,25.5,11.6,Index Funds
Aditya Birla SL Pure Value Fund,101314,1.12,0.5,3,29.8,4.3,Value Funds
Aditya Birla SL Regular Savings Fund,101315,0.92,0.3,3.6,13.9,7.6,Conservative Hybrid Mutual Funds
Aditya Birla SL Savings Fund,101316,0.34,0.2,5.5,5.8,6.5,Ultra Short Duration Funds
Aditya Birla SL Short Term Fund,101317,0.38,0.2,5.5,7.8,7.6,Short Duration Funds
Aditya Birla SL Small Cap Fund,101318,1.04,0.5,-2.3,31.6,5.4,Small Cap Mutual Funds
Aditya Birla SL Tax Relief ’96 – Direct Growth,101591,0.93,0.5,-3,16.1,5.8,ELSS Mutual Funds
AXIS Arbitrage Fund,112210,0.31,0,5.6,4.9,5.6,Arbitrage Mutual Funds
AXIS Balanced Advantage Fund,112211,0.7,0.5,1.2,12.4,8,Dynamic Asset Allocation or Balanced Advantage
AXIS Banking & PSU Debt Fund,112212,0.33,0.2,4.5,6.4,7.2,Banking and PSU Mutual Funds
AXIS Bluechip Fund,112213,0.63,0.5,-6.1,17.3,12.1,Large Cap Mutual Funds
AXIS Children’s Gift Fund,112214,1.06,0.5,-6.5,17.8,10.1,Childrens Funds
AXIS Corporate Debt Fund,112215,0.22,0.2,4.9,7.5,7.3,Corporate Bond Mutual Funds
AXIS Credit Risk Fund,112216,0.81,0.3,5.4,7.4,6.8,Credit Risk Funds
AXIS Dynamic Bond Fund,112217,0.26,0.2,3.4,6.5,7.7,Dynamic Bond
AXIS Equity Saver Fund,112277,0.88,0.3,1.4,12.7,8.8,Equity Savings Mutual Funds
AXIS Flexi Cap Fund,112278,0.7,0.5,-8.3,17.9,12.3,Flexi Cap Funds
AXIS Focused 25 Fund,112322,0.74,0.5,-14.7,14.8,8.9,Focused Funds
AXIS Gilt Fund,112323,0.39,0.2,4,5.9,7.9,Gilt Mutual Funds
AXIS Gold Fund,112354,0.17,0.4,14.5,12,13.7,FoFs Domestic
AXIS Liquid Fund,112355,0.15,0.1,5.7,4.3,5.4,Liquid Mutual Funds
AXIS Long Term Equity Fund,112369,0.85,0.5,-11.1,15.7,9.4,ELSS Mutual Funds
AXIS Midcap Fund,112679,0.57,0.5,-2.5,25.2,15.8,Mid Cap Mutual Funds
AXIS Regular Saver Fund,112680,0.86,0.3,1.8,10.9,7,Conservative Hybrid Mutual Funds
AXIS Short Term Fund,112681,0.3,0.2,4.9,6.9,7.4,Short Duration Funds
AXIS Small Cap Fund,112682,0.54,0.5,3.4,34.5,19.4,Small Cap Mutual Funds
AXIS Strategic Bond Fund,112683,0.39,0.3,5.2,7.4,7.4,Medium Duration Funds
AXIS Treasury Advantage Fund,112684,0.29,0.1,5.3,5.9,6.6,Low Duration Funds
AXIS Triple Advantage Fund,112712,0.72,0.5,-5.1,18.1,10.4,Multi Asset Allocation Mutual Funds
Bandhan Asset Allocation FoF – Moderate – Direct Growth,118484,0.42,0.4,1.3,12.7,6.9,FoFs Domestic
Bank of India Balanced Advantage Fund,109255,2.07,0.5,13.6,12.1,5.1,Dynamic Asset Allocation or Balanced Advantage
Bank of India Conservative Hybrid Fund,109264,2.2,0.2,22.3,15.5,6.4,Conservative Hybrid Mutual Funds
Bank of India Credit Risk Fund,109269,1.54,0.3,130.8,12.8,-4.1,Credit Risk Funds
Bank of India Large & Mid Cap Equity Fund,110606,1.89,0.5,2.7,25.6,9.5,Large & Mid Cap Funds
Bank of India Liquid Fund,110607,0.18,0.1,5.7,4.3,5.3,Liquid Mutual Funds
Bank of India Manufacturing & Infrastr Fund,110608,1.55,0.5,7.6,35.4,11.5,Sectoral / Thematic Mutual Funds
Bank of India Mid & Small Cap Equity & Debt Fund,111585,1.92,0.5,-0.3,29.3,10.4,Aggressive Hybrid Mutual Funds
Bank of India Midcap Tax Fund,111589,0.95,0.5,-4.1,27.1,10.6,ELSS Mutual Funds
Bank of India Short Term Income – Direct Growth,111590,0.98,0.1,28.3,8.8,4,Short Duration Funds
Bank of India Tax Advantage Fund,111709,1.31,0.5,0.9,29,13.2,ELSS Mutual Funds
Bank of India Ultra Short Duration Fund,111710,0.36,0.2,5.2,4.7,5.7,Ultra Short Duration Funds
Baroda BNP Paribas Aggressive Hybrid Fund,113036,0.61,0.5,3.5,20.6,13.3,Aggressive Hybrid Mutual Funds
Baroda BNP Paribas Arbitrage Fund,119333,0.49,0,5.2,4.6,5.6,Arbitrage Mutual Funds
Baroda BNP Paribas Banking&Fin Serv Fund,119334,1.63,0.5,6.6,19.2,9.1,Sectoral / Thematic Mutual Funds
Baroda BNP Paribas Conservative Hybrid Fund,119340,0.78,0.3,3.7,9.2,7.7,Conservative Hybrid Mutual Funds
Baroda BNP Paribas Corporate Bond Fund,119354,0.32,0.1,2.8,5.6,4.4,Corporate Bond Mutual Funds
Baroda BNP Paribas Credit Risk Fund,119399,0.78,0.3,5.7,10.9,7.6,Credit Risk Funds
Baroda BNP Paribas Dynamic Bond Fund,119400,0.71,0.2,5.2,5.7,6.6,Dynamic Bond
Baroda BNP Paribas ELSS Fund,119415,1.12,0.5,-2.4,20.4,10.5,ELSS Mutual Funds
Baroda BNP Paribas Focused Fund,119416,0.67,0.5,0.5,23.1,9.9,Focused Funds
Baroda BNP Paribas Gilt Fund,133488,0.14,0.2,3.7,4.9,6.8,Gilt Mutual Funds
Baroda BNP Paribas Large Cap Fund,133517,0.94,0.5,3,23.5,12.8,Large Cap Mutual Funds
Baroda BNP Paribas Liquid Fund,133518,0.19,0.1,5.7,4.4,5.4,Liquid Mutual Funds
Baroda BNP Paribas Low Duration Fund,133520,0.39,0.2,5,6,6.5,Low Duration Funds
Baroda BNP Paribas Medium Duration Fund,139344,0.69,0.2,3.9,5,3.5,Medium Duration Funds
Baroda BNP Paribas Mid Cap Fund,140463,0.59,0.5,2.4,30.6,13.6,Mid Cap Mutual Funds
Baroda BNP Paribas Multi Cap Fund,142245,1.1,0.5,-1.7,28.8,12.3,Multi Cap Funds
Baroda BNP Paribas Short Duration Fund,142246,0.37,0.2,4.2,5.7,6.7,Short Duration Funds
Canara Robeco Bluechip Equity Fund,100589,0.48,0.5,1.7,24.3,14.4,Large Cap Mutual Funds
Canara Robeco Conservative Hybrid Fund,100590,0.57,0.3,3.8,11.4,9.4,Conservative Hybrid Mutual Funds
Canara Robeco Consumer Trends Fund,100593,1,0.5,7.1,26.7,15.1,Sectoral / Thematic Mutual Funds
Canara Robeco Corporate Bond Fund,100596,0.39,0.1,4,6,6.7,Corporate Bond Mutual Funds
Canara Robeco Dynamic Bond Fund,100597,0.66,0.2,4.7,5.3,6.6,Dynamic Bond
Canara Robeco Emerging Equities – Direct Growth,100600,0.6,0.5,-0.2,27,12.6,Large & Mid Cap Funds
Canara Robeco Equity Hybrid Fund,100601,0.63,0.5,1.8,20.1,12.2,Aggressive Hybrid Mutual Funds
Canara Robeco Equity Tax Saver Fund,101361,0.64,0.5,1.2,27.7,15.5,ELSS Mutual Funds
Canara Robeco Flexi Cap Fund,101362,0.55,0.5,-0.9,24.8,13.8,Flexi Cap Funds
Canara Robeco Gilt Fund,101363,0.54,0.2,4.3,5.1,7,Gilt Mutual Funds
Canara Robeco Income Fund,101364,0.75,0.2,3.9,5.8,7,Medium to Long Duration Funds
Canara Robeco Infrastructure – Direct Growth,101365,1.32,0.5,13.7,34.9,12.2,Sectoral / Thematic Mutual Funds
Canara Robeco Liquid Fund,101587,0.11,0.1,5.6,4.1,5.1,Liquid Mutual Funds
Canara Robeco Savings Fund,101588,0.31,0.1,5,5.2,5.9,Low Duration Funds
Canara Robeco Short Duration Fund,101589,0.47,0.1,4.1,5.9,6.5,Short Duration Funds
Canara Robeco Ultra Short Term Fund,101922,0.4,0.1,5.2,4.5,5.3,Ultra Short Duration Funds
DSP Arbitrage Fund,100077,0.35,0,5.6,4.6,5.4,Arbitrage Mutual Funds
DSP Banking & Psu Debt Fund,100078,0.33,0.1,4,6.4,6.9,Banking and PSU Mutual Funds
DSP Bond Fund,100079,0.39,0.2,3.8,6.1,4.9,Medium Duration Funds
DSP Credit Risk Fund,100080,0.38,0.3,10.8,6.6,4.5,Credit Risk Funds
DSP Dynamic Asset Allocation Fund,100081,0.71,0.4,1.7,12.2,8.3,Dynamic Asset Allocation or Balanced Advantage
DSP Equity & Bond Fund,100082,0.78,0.5,0.6,18.7,10.7,Aggressive Hybrid Mutual Funds
DSP Equity Opportunities Fund,100084,0.91,0.5,3.2,31.6,11.7,Large & Mid Cap Funds
DSP Equity Savings Fund,100085,0.4,0.3,4,14.6,7.8,Equity Savings Mutual Funds
DSP Flexi Cap Fund,100086,0.76,0.5,-0.1,22.8,12,Flexi Cap Funds
DSP Focus Fund,100087,1.08,0.5,-1.7,20.4,8.9,Focused Funds
DSP G-Sec Fund,100088,0.54,0.2,4.4,5.9,8.6,Gilt Mutual Funds
DSP India T.I.G.E.R. Fund,100089,1.34,0.5,15.8,36.4,11.9,Sectoral / Thematic Mutual Funds
DSP Liquidity Fund,100090,0.15,0.2,5.6,4.3,5.3,Liquid Mutual Funds
DSP Low Duration Fund,100940,0.3,0.1,5.1,5.5,6.3,Low Duration Funds
DSP Midcap Fund,100941,0.77,0.5,-3.9,21.1,9.5,Mid Cap Mutual Funds
DSP Natural Resources & New Energy – Direct Growth,100943,1.21,0.5,-0.7,44.3,12,Sectoral / Thematic Mutual Funds
DSP Nifty 50 Equal Weight Index Fund,101303,0.4,0.5,2.2,30.9,10.7,Index Funds
DSP Regular Savings Fund,101304,0.51,0.2,3,10.8,6,Conservative Hybrid Mutual Funds
DSP Savings Fund,101305,0.25,0.2,5,5.3,5.9,Money Market Funds
DSP Short Term Fund,101306,0.3,0.1,4.1,6.1,6.7,Short Duration Funds
DSP Small Cap Fund,101635,0.9,0.5,0.7,38.9,12.5,Small Cap Mutual Funds
DSP Strategic Bond Fund,101636,0.47,0.1,3,5.4,7.3,Dynamic Bond
DSP Tax Saver Fund,101742,0.81,0.5,1.8,28.8,13.3,ELSS Mutual Funds
DSP Top 100 Equity Fund,101743,1.27,0.5,3.6,21.8,8.9,Large Cap Mutual Funds
DSP Ultra Short Fund,101744,0.3,0.1,5.5,4.9,5.5,Ultra Short Duration Funds
Edelweiss Aggressive Hybrid Fund,109934,0.36,0.5,6.5,24.6,13,Aggressive Hybrid Mutual Funds
Edelweiss Arbitrage Fund,109935,0.37,0,5.8,5,5.7,Arbitrage Mutual Funds
Edelweiss Balanced Advantage Fund,109936,0.51,0.5,2.9,18.5,12,Dynamic Asset Allocation or Balanced Advantage
Edelweiss Banking & Psu Debt Fund,109937,0.26,0.2,3.5,6.9,7.9,Banking and PSU Mutual Funds
Edelweiss Equity Savings Fund,109938,0.7,0.3,4.4,12.1,9,Equity Savings Mutual Funds
Edelweiss Flexi Cap Fund,109939,0.56,0.5,1.9,27.5,12.1,Flexi Cap Funds
Edelweiss Govt Securities Fund,109940,0.66,0.2,4.3,6.8,8.2,Gilt Mutual Funds
Edelweiss Large & Mid Cap Fund,109941,0.6,0.5,1.2,27.8,13.2,Large & Mid Cap Funds
Edelweiss Large Cap Fund,109942,0.93,0.5,4.9,26,12.8,Large Cap Mutual Funds
Edelweiss Liquid Fund,109944,0.15,0.2,5.6,4.4,5.4,Liquid Mutual Funds
Edelweiss Long Term Equity Fund,109945,0.69,0.5,0.9,25.6,10.2,ELSS Mutual Funds
Edelweiss Mid Cap Fund,109946,0.57,0.5,4.9,35.5,14,Mid Cap Mutual Funds
Edelweiss Money Market Fund,109949,0.26,0.1,4.9,4.7,7.3,Money Market Funds
Edelweiss Recently Listed IPO Fund,109950,0.61,0.5,-13.8,24.3,10.9,Sectoral / Thematic Mutual Funds
Franklin Build India Fund,100470,1.3,0.5,16,36.1,13.3,Sectoral / Thematic Mutual Funds
Franklin India Banking & PSU Debt Fund,100471,0.16,0.1,4.2,6.1,7.2,Banking and PSU Mutual Funds
Franklin India Bluechip Fund,100472,1.01,0.5,-1,25.1,9.7,Large Cap Mutual Funds
Franklin India Corporate Debt Fund,100473,0.21,0.1,4.4,6.3,7,Corporate Bond Mutual Funds
Franklin India Debt Hybrid Fund,100481,0.57,0.3,5.1,9.8,7,Conservative Hybrid Mutual Funds
Franklin India Dynamic Asset Allocation FoFs-Dir-G,100482,0.46,0.3,5.9,18.2,9.2,FoFs Domestic
Franklin India Equity Advantage Fund,100483,1.37,0.5,-0.9,27.7,9.2,Large & Mid Cap Funds
Franklin India Equity Hybrid Fund,100484,1.2,0.5,5.3,22.5,11,Aggressive Hybrid Mutual Funds
Franklin India Flexi Cap Fund,100485,1.1,0.5,3.8,31.1,12,Flexi Cap Funds
Franklin India Floating Rate Fund,100486,0.21,0.1,5.8,5.6,6.2,Floater Mutual Funds
Franklin India Focused Equity Fund,100487,1.16,0.5,5.1,30.9,12.9,Focused Funds
Franklin India G-Sec Fund,100489,0.57,0.2,3.5,4.1,6.3,Gilt Mutual Funds
Franklin India Liquid Fund,100490,0.13,0.1,5.6,4.3,5.4,Liquid Mutual Funds
Franklin India Multi-Asset Solution Fund,100491,0.44,0.3,4.1,8.7,5.3,FoFs Domestic
Franklin India NSE Nifty 50 Index Fund,100493,0.24,0.5,0.9,25.6,11.6,Index Funds
Franklin India Opportunities Fund,100494,1.79,0.5,7.9,31,11.5,Sectoral / Thematic Mutual Funds
Franklin India Prima Fund,100495,1.06,0.5,4.5,26.6,10,Mid Cap Mutual Funds
Franklin India Savings Fund,100498,0.1,0.1,5.3,5.2,6.1,Money Market Funds
Franklin India Smaller Companies Fund,100499,1.03,0.5,10.5,38.8,11.2,Small Cap Mutual Funds
Franklin India Taxshield – Direct Growth,100503,1.12,0.5,4.9,29.3,11.4,ELSS Mutual Funds
Franklin India Technology Fund,100504,1.22,0.5,-11.9,29.9,15.9,Sectoral / Thematic Mutual Funds
HDFC Arbitrage Fund,100119,0.43,0,5.6,4.5,5.2,Arbitrage Mutual Funds
HDFC Balanced Advantage Fund,100120,0.88,0.5,14.4,29.3,12.9,Dynamic Asset Allocation or Balanced Advantage
HDFC Banking and PSU Debt Fund,100121,0.39,0.1,4.3,6.8,7.2,Banking and PSU Mutual Funds
HDFC Capital Builder Value Fund,100122,1.04,0.5,-0.7,33.7,11.3,Value Funds
HDFC Children’s Gift Fund,100123,0.96,0.5,10.5,26.8,12.9,Childrens Funds
HDFC Corporate Bond Fund,100124,0.32,0.2,4.1,6.9,7.3,Corporate Bond Mutual Funds
HDFC Credit Risk Debt Fund,100282,0.95,0.3,4.6,8,7.7,Credit Risk Funds
HDFC Dynamic Debt Fund,100283,0.49,0.2,4.6,7.3,6.1,Dynamic Bond
HDFC Dynamic PE Ratio Fund,100284,0.22,0.4,8.6,21.9,11.1,FoFs Domestic
HDFC Equity Savings Fund,100285,1.1,0.3,5.1,16,8.8,Equity Savings Mutual Funds
HDFC Flexi Cap Fund,100868,1,0.5,12.4,34.5,14,Flexi Cap Funds
HDFC Floating Rate Debt Fund,100869,0.26,0.2,5.6,6.5,6.9,Floater Mutual Funds
HDFC Focused 30 Fund,100870,0.54,0.5,16,35.8,11.9,Focused Funds
HDFC Gilt Fund,100871,0.46,0.2,3.6,4.9,6.4,Gilt Mutual Funds
HDFC Gold Fund,100872,0.18,0.4,14.2,12.3,13.4,FoFs Domestic
HDFC Housing Opportunities Fund,100873,1.28,0.5,9.8,27.1,7.9,Sectoral / Thematic Mutual Funds
HDFC Hybrid Debt Fund,100874,1.33,0.3,6,13.3,8.4,Conservative Hybrid Mutual Funds
HDFC Hybrid Equity Fund,100875,1.09,0.5,7.7,25.6,11.3,Aggressive Hybrid Mutual Funds
HDFC Income Fund,100876,0.51,0.2,3.8,5.2,6.1,Medium to Long Duration Funds
HDFC Index Fund,100877,0.2,0.5,2.4,25.8,12.8,Index Funds
HDFC Index Fund,100878,0.2,0.5,0.9,26,12,Index Funds
HDFC Infrastructure Fund,100881,1.75,0.5,16.5,34.3,5.3,Sectoral / Thematic Mutual Funds
HDFC Large and Mid Cap Fund,100899,1.03,0.5,6.3,33.3,12.8,Large & Mid Cap Funds
HDFC Liquid Fund,100900,0.2,0.1,5.6,4.3,5.3,Liquid Mutual Funds
HDFC Low Duration Fund,100997,0.43,0.1,5.4,6.2,6.7,Low Duration Funds
HDFC Medium Term Debt Fund,100998,0.58,0.3,4.1,6.9,7.4,Medium Duration Funds
HDFC Mid-Cap Opportunities Fund,101081,0.95,0.5,11.9,34.2,13.1,Mid Cap Mutual Funds
HDFC Money Market Fund,101082,0.21,0.2,5.6,5.6,6.3,Money Market Funds
HDFC Multi-Asset Fund,101083,0.88,0.5,6.9,23,10.9,Multi Asset Allocation Mutual Funds
HDFC Overnight Fund,101084,0.1,0,5.3,3.8,4.6,Overnight Mutual Funds
HDFC Retirement Savings Fund,101281,0.78,0.5,11.6,34.9,14.8,Retirement Funds
HDFC Retirement Savings Fund,101282,1.03,0.5,8,24.5,12.3,Retirement Funds
HDFC Retirement Savings Fund,101430,1,0.3,6,10.3,7.8,Retirement Funds
HDFC Short Term Debt Fund,101431,0.29,0.2,4.7,7,7.3,Short Duration Funds
HDFC Small Cap Fund,101480,0.8,0.5,12.5,43.5,13.5,Small Cap Mutual Funds
HDFC Tax Saver Fund,101481,1.15,0.5,10,31,10.3,ELSS Mutual Funds
HDFC Top 100 Fund,101482,1.11,0.5,6.6,28.6,11.9,Large Cap Mutual Funds
HSBC Aggressive Hybrid Fund,101593,0.87,0.5,-1.2,19.5,8.1,Aggressive Hybrid Mutual Funds
HSBC Arbitrage Fund,101594,0.29,0,5.4,4.7,5.5,Arbitrage Mutual Funds
HSBC Balanced Advantage Fund,101597,0.78,0.3,3.5,13.4,8,Dynamic Asset Allocation or Balanced Advantage
HSBC Banking and PSU Debt Fund,101598,0.23,0.2,2.2,6,6.5,Banking and PSU Mutual Funds
HSBC Business Cycles Fund,101599,1.42,0.5,7,28,8.7,Sectoral / Thematic Mutual Funds
HSBC Conservative Hybrid Fund,101600,1.34,0.3,2.3,10.3,7.5,Conservative Hybrid Mutual Funds
HSBC Corporate Bond Fund,101685,0.35,0.1,1.7,32.4,13.3,Corporate Bond Mutual Funds
HSBC Corporate Bond Fund,101686,0.29,0.2,3.3,6.6,7.6,Corporate Bond Mutual Funds
HSBC Credit Risk Fund,101687,0.85,0.3,4.8,5.7,5.1,Credit Risk Funds
HSBC Dynamic Bond Fund,101688,0.29,0.2,4.7,5.4,6.8,Dynamic Bond
HSBC ELSS Fund,101691,1.16,0.5,-1.2,24.1,8,ELSS Mutual Funds
HSBC Equity Hybrid Fund,101692,1,0.5,1.7,32.4,13.3,Aggressive Hybrid Mutual Funds
HSBC Equity Savings Fund,101693,0.62,0.2,2.9,15.5,7.5,Equity Savings Mutual Funds
HSBC Flexi Cap Fund,101694,1.23,0.5,-1.2,26.4,9.2,Flexi Cap Funds
HSBC Flexi Debt Fund,101696,0.94,0.2,1.7,32.4,13.3,Dynamic Bond
HSBC Gilt Fund,101697,0.48,0.2,5,5.4,7.1,Gilt Mutual Funds
HSBC Infrastructure Fund,101698,1.14,0.5,11.3,33.6,9.3,Sectoral / Thematic Mutual Funds
HSBC Large Cap Fund,101699,1.26,0.5,0,23.3,10.6,Large Cap Mutual Funds
HSBC Liquid Fund,101700,0.12,0.1,5.7,4.3,5.3,Liquid Mutual Funds
HSBC Low Duration Fund,101701,0.25,0.1,5.2,5.6,5.8,Low Duration Funds
HSBC Managed Solutions Conservative Fund,101702,0.54,0.2,3.2,6.7,5.9,FoFs Domestic
HSBC Managed Solutions Growth Fund,102065,1.06,0.5,0.6,22.2,9.2,FoFs Domestic
HSBC Managed Solutions Moderate Fund,102066,0.76,0.4,1.2,19,8.7,FoFs Domestic
HSBC Medium Duration Fund,102251,0.4,0.2,4.2,7,6.7,Medium Duration Funds
HSBC Medium to Long Duration Fund,102252,0.68,0.2,2.7,4.5,6.5,Medium to Long Duration Funds
HSBC Midcap Fund,102257,0.74,0.5,2.3,26.1,8.8,Mid Cap Mutual Funds
HSBC Money Market Fund,102258,0.25,0.1,5.2,4.9,6,Money Market Funds
HSBC Short Duration Fund,102259,0.27,0.1,3.8,6,6.7,Short Duration Funds
HSBC Small Cap Fund,102260,0.77,0.5,5.1,44.7,12.7,Small Cap Mutual Funds
HSBC Tax Saver Equity Fund,102261,1.3,0.5,-2.2,24.7,8.9,ELSS Mutual Funds
HSBC Value Fund,102262,0.84,0.5,6.8,33,11.6,Value Funds
ICICI Pru All Seasons Bond Fund,100348,0.62,0.2,6.5,7.5,8.2,Dynamic Bond
ICICI Pru Asset Allocator Fund,100349,0.18,0.3,8.8,21.6,12.8,FoFs Domestic
ICICI Pru Balanced Advantage Fund,100350,0.91,0.4,6.7,19.7,10.4,Dynamic Asset Allocation or Balanced Advantage
ICICI Pru Banking & Financial Services – DirectGrowth,100351,1.1,0.5,7,24.9,9.7,Sectoral / Thematic Mutual Funds
ICICI Pru Banking & PSU Debt Fund,100352,0.38,0.1,5.8,6.9,7.2,Banking and PSU Mutual Funds
ICICI Pru Bluechip Fund,100353,1.06,0.5,4.4,28.2,12.3,Large Cap Mutual Funds
ICICI Pru Bond Fund,100354,0.6,0.2,5.2,6.9,7.3,Medium to Long Duration Funds
ICICI Pru Child Care Fund,100355,1.69,0.5,1,19.8,8.8,Childrens Funds
ICICI Pru Corporate Bond Fund,100356,0.3,0.1,5.8,7,7.3,Corporate Bond Mutual Funds
ICICI Pru Credit Risk Fund,100357,0.86,0.3,5.8,8,8.1,Credit Risk Funds
ICICI Pru Debt Management Fund,100358,0.41,0.2,5.8,6.7,7,FoFs Domestic
ICICI Pru Dividend Yield Equity Fund,100359,0.66,0.5,8.5,37.6,12.1,Dividend Yield Funds
ICICI Pru Equity & Debt Fund,100360,1.2,0.5,6.8,30.6,14.3,Aggressive Hybrid Mutual Funds
ICICI Pru Equity – Arbitrage Fund,100361,0.39,0,5.6,4.8,5.5,Arbitrage Mutual Funds
ICICI Pru Equity Savings Fund,100362,0.54,0.1,6.2,12.7,7.9,Equity Savings Mutual Funds
ICICI Pru Exports and Services Fund,100363,1.76,0.5,5.7,30.7,11.4,Sectoral / Thematic Mutual Funds
ICICI Pru Floating Interest Fund,100364,0.62,0.1,6.3,7,7.2,Floater Mutual Funds
ICICI Pru FMCG Fund,100365,1.44,0.5,21.1,24.5,13.5,Sectoral / Thematic Mutual Funds
ICICI Pru Focused Equity Fund,100366,0.59,0.5,6.1,31.2,13.4,Focused Funds
ICICI Pru Gilt Fund,100367,0.56,0.2,6.3,6.7,8.4,Gilt Mutual Funds
ICICI Pru Income Optimizer Fund,100368,0.26,0.2,7.8,13.3,8.8,FoFs Domestic
ICICI Pru Infrastructure Fund,100369,1.64,0.5,24.3,44,15.1,Sectoral / Thematic Mutual Funds
ICICI Pru Large & Mid Cap Fund,100370,1.09,0.5,9.5,33.2,13.7,Large & Mid Cap Funds
ICICI Pru Liquid Fund,100371,0.2,0.2,5.6,4.3,5.3,Liquid Mutual Funds
ICICI Pru Long Term Equity Fund,100372,1.23,0.5,-0.2,27.1,11.5,ELSS Mutual Funds
ICICI Pru Long Term Wealth Enhancement Fund,100952,0.97,0.5,-0.7,33.7,11.3,ELSS Mutual Funds
ICICI Pru Medium Term Bond Fund,100953,0.77,0.3,5.6,7.7,7.6,Medium Duration Funds
ICICI Pru MidCap Fund,100954,1.16,0.5,3.9,32.9,11.1,Mid Cap Mutual Funds
ICICI Pru Money Market Fund,100955,0.21,0.2,5.5,5.4,6.1,Money Market Funds
ICICI Pru Multi-Asset Fund,101098,1.15,0.5,11.3,31.3,14.2,Multi Asset Allocation Mutual Funds
ICICI Pru Multicap Fund,101127,1.02,0.5,5.7,29.1,11.8,Multi Cap Funds
ICICI Pru Nifty 50 Index Fund,101143,0.17,0.5,0.9,26.1,11.9,Index Funds
ICICI Pru Nifty Next 50 Index Fund,101144,0.3,0.5,-6.4,22,6.1,Index Funds
ICICI Pru Passive Strategy Fund,101165,0.06,0.5,4.9,26.3,10.9,FoFs Domestic
ICICI Pru Regular Gold Savings Fund,101221,0.09,0.4,14.3,11.7,13.1,FoFs Domestic
ICICI Pru Regular Savings Fund,101228,0.99,0.3,5.5,11.3,9,Conservative Hybrid Mutual Funds
ICICI Pru Retirement Fund,101229,1.12,0.5,1.7,32.4,13.3,Retirement Funds
ICICI Pru S&P BSE Sensex Index Fund,101230,0.16,0.5,1.4,25.8,12.9,Index Funds
ICICI Pru Savings Fund,101231,0.4,0.1,5.7,6.2,6.7,Low Duration Funds
ICICI Pru Short Term Fund,101349,0.39,0.2,6.4,7.5,7.7,Short Duration Funds
ICICI Pru Smallcap Fund,101350,0.81,0.5,7.7,41.8,14.9,Small Cap Mutual Funds
ICICI Pru Technology Fund,101351,0.99,0.5,-19.7,45.3,21.6,Sectoral / Thematic Mutual Funds
ICICI Pru Thematic Advantage Fund,101617,0.25,0.5,5.4,35.4,14.6,FoFs Domestic
ICICI Pru Ultra Short Term Fund,101618,0.39,0.2,5.7,5.9,6.7,Ultra Short Duration Funds
ICICI Pru Value Discovery Fund,101619,1.22,0.5,8.9,36.9,14.9,Value Funds
IDBI Credit Risk Fund,113062,0.61,0.3,4.3,11.3,3.7,Credit Risk Funds
IDBI Equity Advantage Fund,113063,1.21,0.5,-0.7,33.7,11.3,ELSS Mutual Funds
IDBI Equity Savings Fund,113096,1.15,0.3,2.5,11.8,7.2,Equity Savings Mutual Funds
IDBI Focused 30 Equity Fund,113102,1.61,0.5,0.1,25.2,10.2,Focused Funds
IDBI Gold Fund,113103,0.26,0.4,15,12.1,12.9,FoFs Domestic
IDBI Hybrid Equity Fund,113104,1.67,0.5,-1.8,17.5,7,Aggressive Hybrid Mutual Funds
IDBI India Top 100 Equity Fund,113249,1.26,0.5,0.5,26,12.4,Large Cap Mutual Funds
IDBI Liquid Fund,113250,0.13,0.1,5.6,4.4,5.4,Liquid Mutual Funds
IDBI Midcap Fund,113251,1.62,0.5,-2.9,25.1,7.7,Mid Cap Mutual Funds
IDBI Nifty 50 Index Fund,113252,0.32,0.5,0.8,25.8,11.8,Index Funds
IDBI Nifty Next 50 Index Fund,113253,0.32,0.5,-6.1,21.8,6.2,Index Funds
IDBI Short Term Bond Fund,113254,0.28,0.1,4.1,9.4,6.9,Short Duration Funds
IDBI Small Cap Fund,114630,1.54,0.5,2.1,38.5,12.6,Small Cap Mutual Funds
IDBI Ultra Short Term Fund,114633,0.25,0.1,5.4,5.1,5.9,Ultra Short Duration Funds
IIFL Dynamic Bond Fund,122612,0.27,0.2,3.3,6,6.5,Dynamic Bond
IIFL Focused Equity Fund,131579,0.9,0.5,4.7,29.2,18.1,Focused Funds
IIFL Liquid Fund,125337,0.2,0.2,5.5,3.9,4.8,Liquid Mutual Funds
Indiabulls Arbitrage Fund,115991,0.58,0,4.3,3.3,4.5,Arbitrage Mutual Funds
Indiabulls Bluechip Fund,115992,1.27,0.5,2,21.3,9.5,Large Cap Mutual Funds
Indiabulls Liquid Fund,115993,0.22,0.1,5.4,4,5.2,Liquid Mutual Funds
Indiabulls Short Term Fund,115994,0.38,0.2,4.4,5.1,5.9,Short Duration Funds
Indiabulls Tax Savings Fund,115995,0.5,0.5,1,22.3,7.8,ELSS Mutual Funds
Indiabulls Value Fund,116424,0.5,0.5,-0.2,25.6,6.3,Value Funds
Invesco India Arbitrage Fund,104483,0.38,0,6.4,5,5.6,Arbitrage Mutual Funds
Invesco India Banking & PSU Debt Fund,104484,0.28,0.2,2.3,5.8,6.4,Banking and PSU Mutual Funds
Invesco India Contra Fund,104485,0.62,0.5,2.8,27.6,12.3,Contra Funds
Invesco India Corporate Bond Fund,104486,0.28,0.1,3.7,6.4,6.9,Corporate Bond Mutual Funds
Invesco India Credit Risk Fund,104487,0.28,0.1,4.4,6,3.5,Credit Risk Funds
Invesco India Dynamic Equity Fund,104488,0.95,0.5,3.9,15.4,7.4,Dynamic Asset Allocation or Balanced Advantage
Invesco India Financial Services Fund,104489,1.08,0.5,5.9,22.6,10.9,Sectoral / Thematic Mutual Funds
Invesco India Gilt Fund,104490,0.48,0.1,4.9,4.2,6.7,Gilt Mutual Funds
Invesco India Gold Fund,104491,0.16,0.4,13.2,11.5,13.2,FoFs Domestic
Invesco India Growth Opportunities Fund,104492,0.66,0.5,0.8,22.8,11,Large & Mid Cap Funds
Invesco India Infrastructure Fund,104635,1.08,0.5,8.9,33.2,14.6,Sectoral / Thematic Mutual Funds
Invesco India Largecap Fund,104636,0.81,0.5,-1.8,24,11.1,Large Cap Mutual Funds
Invesco India Liquid Fund,104722,0.15,0.1,5.6,4.3,5.3,Liquid Mutual Funds
Invesco India Midcap Fund,104723,0.72,0.5,0.2,33.5,14.6,Mid Cap Mutual Funds
Invesco India Money Market Fund,104724,0.22,0.1,5,5.1,5.8,Money Market Funds
Invesco India Multicap Fund,104725,0.65,0.5,1.4,27,11,Multi Cap Funds
Invesco India PSU Equity Fund,104726,0.96,0.5,16.2,26.5,12.6,Sectoral / Thematic Mutual Funds
Invesco India Short Term Fund,104727,0.35,0.1,3.9,6.2,6.8,Short Duration Funds
Invesco India Tax Plan – Direct Growth,104728,0.92,0.5,-5.2,22.4,10.8,ELSS Mutual Funds
Invesco India Treasury Advantage Fund,104729,0.32,0.1,4.9,5.6,6.4,Low Duration Funds
Invesco India Ultra Short Term Fund,105024,0.24,0.1,5.4,5.1,6,Ultra Short Duration Funds
JM Arbitrage Fund,103780,0.36,0,5.4,3.7,4.5,Arbitrage Mutual Funds
JM Dynamic Bond Fund,101805,0.63,0.1,4.8,6,6.1,Dynamic Bond
JM Equity Hybrid Fund,100220,1.37,0.5,8,29.5,11.2,Aggressive Hybrid Mutual Funds
JM Flexicap Fund,120491,1.62,0.5,5.2,30.7,13.8,Flexi Cap Funds
JM Focused Fund,120488,1.58,0.5,3.1,19.4,8.6,Focused Funds
JM Large Cap Fund,100218,1.8,0.5,1.8,18.3,10.4,Large Cap Mutual Funds
JM Liquid Fund,100233,0.15,0.1,5.6,4.2,5.3,Liquid Mutual Funds
JM Low Duration Fund,143603,0.34,0.1,5.1,11.5,5.3,Low Duration Funds
JM Medium to Long Duration Fund,100222,0.48,0.2,2.5,4.8,3.1,Medium to Long Duration Funds
JM Tax Gain Fund,107288,1.45,0.5,0.9,26.2,12.8,ELSS Mutual Funds
JM Value Fund,100254,1.87,0.5,7.7,28.9,12.4,Value Funds
Kotak Banking and PSU Debt Fund,100261,0.37,0.2,4.7,6.7,7.5,Banking and PSU Mutual Funds
Kotak Bluechip Fund,100262,0.64,0.5,3.3,26.8,12.6,Large Cap Mutual Funds
Kotak Bond – Short Term Fund,100263,0.36,0.2,4.4,6.5,7.2,Short Duration Funds
Kotak Bond Fund,100264,0.63,0.1,4.1,6.4,7.7,Medium to Long Duration Funds
Kotak Corporate Bond Fund,100265,0.32,0.1,4.5,6.4,7.1,Corporate Bond Mutual Funds
Kotak Credit Risk Fund,100278,0.74,0.4,1.6,5.9,6.4,Credit Risk Funds
Kotak Debt Hybrid Fund,100279,0.44,0.3,6.1,14.3,10,Conservative Hybrid Mutual Funds
Kotak Dynamic Bond Fund,100280,0.4,0.2,3.9,6.6,7.8,Dynamic Bond
Kotak Emerging Equity Fund,100281,0.49,0.5,6.6,34,15.2,Mid Cap Mutual Funds
Kotak Equity Arbitrage Fund,100286,0.43,0,5.8,4.9,5.6,Arbitrage Mutual Funds
Kotak Equity Hybrid Fund,100289,0.58,0.5,5,26.9,12.8,Aggressive Hybrid Mutual Funds
Kotak Equity Opportunities – Direct Growth,100290,0.6,0.5,6.2,28.8,13.9,Large & Mid Cap Funds
Kotak Equity Savings Fund,100291,1.02,0.3,6.6,14.4,9.2,Equity Savings Mutual Funds
Kotak Flexi Cap Fund,100292,0.68,0.5,3.8,25,11.7,Flexi Cap Funds
Kotak Gilt – Invest Plan – Direct Growth,100298,0.41,0.1,5.2,6.3,8.4,Gilt Mutual Funds
Kotak Gilt Invest – PF & Trust Plan – Direct Growth,100299,0.41,0.1,5.2,6.3,8.4,Gilt Mutual Funds
Kotak Gold Fund,100300,0.18,0.4,14.2,12.2,13.7,FoFs Domestic
Kotak India EQ Contra Fund,100301,0.81,0.5,7.3,29.7,14.2,Contra Funds
Kotak India Growth Fund,100828,0.34,0.5,4.8,35.5,15.6,Multi Cap Funds
Kotak Infrastructure & Ecoc. Reform-SP-DirGrowth,100829,1,0.5,23.2,39.7,13.9,Sectoral / Thematic Mutual Funds
Kotak Liquid Fund,100830,0.15,0.2,5.6,4.3,5.3,Liquid Mutual Funds
Kotak Low Duration Fund,100831,0.43,0.2,5.4,6.2,6.9,Low Duration Funds
Kotak Medium Term Fund,100832,0.58,0.2,4,7,6.6,Medium Duration Funds
Kotak Money Market Fund,100833,0.26,0.2,5.6,5.1,6.1,Money Market Funds
Kotak Multi Asset Allocator FoF – Dynamic – Direct Growth,100834,0.13,0.4,11.2,25,15.3,FoFs Domestic
Kotak Savings Fund,100835,0.37,0.2,5.5,5.2,6.2,Ultra Short Duration Funds
Kotak Small Cap Fund,100836,0.59,0.5,-0.7,43.1,17,Small Cap Mutual Funds
Kotak Tax Saver Fund,101372,0.69,0.5,5,28.9,14.4,ELSS Mutual Funds
L&T India Large Cap Fund,118069,1.49,0.5,0.8,33,12.1,Large Cap Mutual Funds
LIC MF Banking & Fina Serv Fund,100312,1.54,0.5,13.9,22.7,8.5,Sectoral / Thematic Mutual Funds
LIC MF Banking & PSU Debt Fund,100313,0.28,0.1,4.2,5.7,6.8,Banking and PSU Mutual Funds
LIC MF Bond Fund,100314,0.21,0.2,4.4,4.7,6.2,Medium to Long Duration Funds
LIC MF Children’s Gift Fund,100315,1.86,0.5,-1.9,17.1,7.6,Childrens Funds
LIC MF Debt Hybrid Fund,100316,1.34,0.3,2.5,8.1,6.7,Conservative Hybrid Mutual Funds
LIC MF Equity Hybrid Fund,100317,1.43,0.5,-0.5,15.1,8.3,Aggressive Hybrid Mutual Funds
LIC MF Flexi Cap Fund,100318,1.74,0.5,-0.9,18.3,8.8,Flexi Cap Funds
LIC MF G-Sec Fund,100319,0.76,0.1,3.3,4.9,7.7,Gilt Mutual Funds
LIC MF Infrastructure Fund,100321,1.47,0.5,6.7,29.8,11.2,Sectoral / Thematic Mutual Funds
LIC MF Large & Mid Cap Fund,100323,0.84,0.5,-4.3,22.8,10.9,Large & Mid Cap Funds
LIC MF Large Cap Fund,100325,1.39,0.5,-3.2,19.7,10.9,Large Cap Mutual Funds
LIC MF Liquid Fund,100332,0.16,0.2,5.6,4.4,5.3,Liquid Mutual Funds
LIC MF Nifty 50 Index Fund,100864,0.2,0.5,1,25.8,11.7,Index Funds
LIC MF S&P BSE Sensex Index Fund,100865,0.38,0.5,2.2,25.4,12.6,Index Funds
LIC MF Savings Fund,101184,0.27,0.1,5,5.9,5.6,Low Duration Funds
LIC MF Tax Plan – Direct Growth,101185,1.47,0.5,-1.9,20.5,9.9,ELSS Mutual Funds
Mahindra Manulife ELSS Fund,139534,0.73,0.5,2.3,29.3,12,ELSS Mutual Funds
Mahindra Manulife Equity Savings Fund,139535,0.7,0.3,1.7,32.4,13.3,Equity Savings Mutual Funds
Mahindra Manulife Liquid Fund,139536,0.15,0.2,5.7,4.5,5.4,Liquid Mutual Funds
Mahindra Manulife Low Duration Fund,139537,0.37,0.2,5.2,5.5,6.4,Low Duration Funds
Mahindra Manulife Mid Cap Fund,139538,0.66,0.5,3.7,31,14.7,Mid Cap Mutual Funds
Mahindra Manulife Multi Cap Fund,139539,0.49,0.5,1.2,32.6,15.8,Multi Cap Funds
Mirae Asset Cash Management Fund,107578,0.17,0.1,5.6,4.3,5.3,Liquid Mutual Funds
Mirae Asset Dynamic Bond Fund,107579,0.18,0.2,2.8,4.5,7.2,Dynamic Bond
Mirae Asset Emerging Bluechip Fund,107589,0.68,0.5,-1.2,29.4,15.1,Large & Mid Cap Funds
Mirae Asset Great Consumer Fund,107646,0.5,0.5,8.1,27.2,14,Sectoral / Thematic Mutual Funds
Mirae Asset Hybrid – Equity Fund,107647,0.36,0.5,1.7,21.9,12.2,Aggressive Hybrid Mutual Funds
Mirae Asset Large Cap Fund,107648,0.53,0.5,0.6,25.3,12.1,Large Cap Mutual Funds
Mirae Asset Savings Fund,107649,0.37,0.1,5.2,5.6,5.9,Low Duration Funds
Mirae Asset Short Term Fund,107656,0.31,0.1,4.5,6.1,6.7,Short Duration Funds
Mirae Asset Tax Saver Fund,107657,0.54,0.5,0.6,30.3,15.3,ELSS Mutual Funds
Motilal Oswal Balance Advantage Fund,117141,1.19,0.5,0.3,9.9,5.6,Dynamic Asset Allocation or Balanced Advantage
Motilal Oswal Equity Hybrid Fund,122388,0.94,0.5,1.7,32.4,13.3,Aggressive Hybrid Mutual Funds
Motilal Oswal Flexi Cap Fund,122389,0.97,0.5,-1.6,16.4,4.9,Flexi Cap Funds
Motilal Oswal Focused Fund,122390,1,0.5,2.6,20.4,10.6,Focused Funds
Motilal Oswal Long Term Equity Fund,124233,0.8,0.5,8.5,25,10,ELSS Mutual Funds
Motilal Oswal Midcap Fund,124303,0.87,0.5,14.6,34,16.4,Mid Cap Mutual Funds
Motilal Oswal Ultra Short Term Fund,124305,0.58,0,4.7,3.9,1.8,Ultra Short Duration Funds
Navi 3 In 1 Fund,112408,0.34,0.5,0.2,32.6,12.4,Multi Asset Allocation Mutual Funds
Navi Large & Midcap Fund,112645,0.35,0.5,1.6,28.7,12.7,Large & Mid Cap Funds
Navi Large Cap Equity Fund,112647,0.31,0.5,0.2,32.6,12.4,Large Cap Mutual Funds
Navi Regular Savings Fund,112648,0.39,0.3,4.4,8.4,6.5,Conservative Hybrid Mutual Funds
Navi Ultra Short Term Fund,113142,0.73,0.1,1.7,32.4,13.3,Ultra Short Duration Funds
Nippon India Arbitrage Fund,100379,0.21,0,5.6,4.9,5.7,Arbitrage Mutual Funds
Nippon India Balanced Advantage Fund,100383,0.65,0.4,5.3,17.1,10.1,Dynamic Asset Allocation or Balanced Advantage
Nippon India Banking & PSU Debt Fund,100385,0.33,0.2,4.2,6.9,7.4,Banking and PSU Mutual Funds
Nippon India Banking&Financial Services-DirGrowth,100386,1.32,0.5,8.8,28.3,9.5,Sectoral / Thematic Mutual Funds
Nippon India Consumption Fund,100387,1.76,0.5,12.1,30.6,14.6,Sectoral / Thematic Mutual Funds
Nippon India Corporate Bond Fund,100837,0.32,0.2,5.1,6.8,7,Corporate Bond Mutual Funds
Nippon India Credit Risk Fund,100838,1,0.4,4.8,9.5,4.4,Credit Risk Funds
Nippon India Dynamic Bond Fund,100851,0.28,0.2,3.6,5.6,6.7,Dynamic Bond
Nippon India Equity Hybrid Fund,100853,1.31,0.4,4.2,24.3,5.9,Aggressive Hybrid Mutual Funds
Nippon India Equity Savings Fund,100856,0.69,0.1,3.9,12.2,1.3,Equity Savings Mutual Funds
Nippon India Floating Rate Fund,100858,0.27,0.2,4.5,6.9,7.1,Floater Mutual Funds
Nippon India Focused Equity Fund,100859,1.2,0.5,3.2,33,11.9,Focused Funds
Nippon India Gold Savings Fund,101665,0.19,0.4,14.2,11.7,13.1,FoFs Domestic
Nippon India Growth Fund,101667,1.09,0.5,5.6,32.4,14.5,Mid Cap Mutual Funds
Nippon India GSF – Direct Growth,101862,0.63,0.1,4.4,5.5,8.3,Gilt Mutual Funds
Nippon India Hybrid Bond Fund,101864,1.26,0.5,5.1,9.6,3.4,Conservative Hybrid Mutual Funds
Nippon India Income Fund,102172,0.58,0.1,6,5.8,7.9,Medium to Long Duration Funds
Nippon India Index Fund,102173,0.15,0.5,1.5,25.6,13,Index Funds
Nippon India Index Fund,102174,0.2,0.5,0.9,26,11.9,Index Funds
Nippon India Large Cap Fund,102431,1.01,0.5,8.4,29.5,12.6,Large Cap Mutual Funds
Nippon India Liquid Fund,102432,0.2,0.1,5.6,4.4,5.4,Liquid Mutual Funds
Nippon India Low Duration Fund,102433,0.37,0.1,5.3,6.2,6.5,Low Duration Funds
Nippon India Money Market Fund,102673,0.21,0.2,5.7,5.3,6.3,Money Market Funds
Nippon India Multi Cap Fund,102675,1.12,0.5,10.7,33.7,13.2,Multi Cap Funds
Nippon India Pharma Fund,102676,1.17,0.5,-7,24.7,15.6,Sectoral / Thematic Mutual Funds
Nippon India Power & Infra Fund,102677,1.58,0.5,20.4,37.2,10.1,Sectoral / Thematic Mutual Funds
Nippon India Quant Fund,102751,0.54,0.5,5,26.9,11.9,Sectoral / Thematic Mutual Funds
Nippon India Retirement Fund,102752,0.85,0.3,4,8.4,7.4,Retirement Funds
Nippon India Retirement Fund,102753,1.03,0.5,1.3,25.3,6.7,Retirement Funds
Nippon India Short Term Fund,102848,0.34,0.2,4.3,6.7,7.2,Short Duration Funds
Nippon India Small Cap Fund,102849,0.86,0.5,8.7,47.6,16.8,Small Cap Mutual Funds
Nippon India Strategic Debt Fund,102851,1.4,0.5,2.7,8.3,-0.9,Medium Duration Funds
Nippon India Tax Saver (ELSS) Fund,103048,1.18,0.5,1.8,27.3,6.5,ELSS Mutual Funds
Nippon India USD Fund,103050,0.38,0.2,5.9,7,5.9,Ultra Short Duration Funds
Nippon India Value Fund,103051,1.21,0.5,0,30.3,12.2,Value Funds
Nippon India Vision Fund,103052,1.55,0.5,2.1,27.4,9.3,Large & Mid Cap Funds
Parag Parikh Flexi Cap Fund,122640,0.75,0.5,2.3,33.6,17.6,Flexi Cap Funds
PGIM India Arbitrage Fund,116484,0.33,0,5.3,4.5,5.2,Arbitrage Mutual Funds
PGIM India Banking&PSU Debt Fund,116485,0.25,0.1,4.1,6.4,7.1,Banking and PSU Mutual Funds
PGIM India Corporate Bond Fund,120084,0.29,0.1,4.3,6.8,6.9,Corporate Bond Mutual Funds
PGIM India Dynamic Bond Fund,120086,0.36,0.1,4.6,5.7,7.4,Dynamic Bond
PGIM India Elss Tax Saver Fund,125305,1,0.5,2.9,31.8,13.7,ELSS Mutual Funds
PGIM India Equity Savings Fund,125306,0.42,0.1,4.3,12.6,8,Equity Savings Mutual Funds
PGIM India Flexi Cap Fund,133836,0.4,0.5,-2.3,34,15.7,Flexi Cap Funds
PGIM India Gilt Fund,133837,0.39,0.2,4.2,5.3,7,Gilt Mutual Funds
PGIM India Hybrid Equity Fund,133838,0.68,0.5,4,20.6,9,Aggressive Hybrid Mutual Funds
PGIM India Large Cap Fund,133839,0.98,0.5,4.7,24.1,10.9,Large Cap Mutual Funds
PGIM India Liquid Fund,135598,0.17,0.1,5.6,4.4,5.4,Liquid Mutual Funds
PGIM India Low Duration Fund,135599,0.35,0.1,5.5,4.3,2,Low Duration Funds
PGIM India Midcap Opportunities Fund,135600,0.46,0.5,2,42.9,19,Mid Cap Mutual Funds
PGIM India Short Duration Fund,135601,0.5,0.1,4.5,6.3,4.6,Short Duration Funds
PGIM India Ultra Short Duration Fund,138254,0.25,0.1,5.5,5.2,7.3,Ultra Short Duration Funds
Quant Absolute Fund,100171,0.56,0.5,7.3,38.2,19.1,Aggressive Hybrid Mutual Funds
Quant Active Fund,100172,0.58,0.5,1,45.5,19.9,Multi Cap Funds
Quant Flexi Cap Fund,100173,0.58,0.5,6.8,47.7,18.2,Flexi Cap Funds
Quant Focused Fund,100174,0.57,0.5,5.2,33.7,13.1,Focused Funds
Quant Infrastructure Fund,100175,0.64,0.5,5.6,61.5,21.1,Sectoral / Thematic Mutual Funds
Quant Large and Mid Cap Fund,100176,0.56,0.5,6.9,33,14.2,Large & Mid Cap Funds
Quant Liquid Plan – Direct Growth,100177,0.29,0.1,5.6,4.9,5.9,Liquid Mutual Funds
Quant Mid Cap Fund,100630,0.63,0.5,8.8,45.1,19.8,Mid Cap Mutual Funds
Quant Multi Asset Fund,100631,0.56,0.5,10.6,42.6,20.5,Multi Asset Allocation Mutual Funds
Quant Small Cap Fund,101065,0.64,0.5,5.4,71.4,23.2,Small Cap Mutual Funds
Quant Tax Plan- Direct Growth,101066,0.57,0.5,0.9,54.9,22.2,ELSS Mutual Funds
Quantum Dynamic Bond Fund,103490,0.61,0.2,5.4,5.9,6.9,Dynamic Bond
Quantum Equity Fund,103491,0.51,0.5,-0.5,22.9,9.1,FoFs Domestic
Quantum Gold Savings Fund,103734,0.06,0.4,14.3,11.7,13,FoFs Domestic
Quantum Liquid Fund,103735,0.15,0,5.4,4,4.9,Liquid Mutual Funds
Quantum Long Term Equity Value Fund,103736,1.29,0.5,2.4,26.5,8.8,Value Funds
Quantum Multi Asset Fund,107693,0.1,0.3,5.5,12.4,8.1,FoFs Domestic
Quantum Tax Saving Fund,108479,1.29,0.5,2.9,26.6,8.9,ELSS Mutual Funds
SBI Arbitrage Opportunities Fund,100638,0.36,0,5.8,4.5,5.4,Arbitrage Mutual Funds
SBI Banking & Financial Services Fund,100639,0.78,0.5,5.5,22.4,12.5,Sectoral / Thematic Mutual Funds
SBI Banking and PSU Fund,100640,0.35,0.2,3.8,6.2,7,Banking and PSU Mutual Funds
SBI BlueChip Fund,100641,0.9,0.5,4.2,27,11.4,Large Cap Mutual Funds
SBI Conservative Hybrid Fund,100643,0.57,0.4,6.2,13.8,8.8,Conservative Hybrid Mutual Funds
SBI Consumption Opportunities Fund,100644,1.18,0.5,11.1,31,12.7,Sectoral / Thematic Mutual Funds
SBI Contra Fund,100645,0.91,0.5,15,43.4,15.6,Contra Funds
SBI Credit Risk Fund,100717,0.92,0.4,5.2,7.2,7,Credit Risk Funds
SBI Dynamic Bond Fund,100915,0.87,0.2,5.9,5.9,7.9,Dynamic Bond
SBI Equity Hybrid Fund,100917,0.79,0.5,-1.9,18.4,10.8,Aggressive Hybrid Mutual Funds
SBI Equity Savings Fund,100927,0.67,0.3,2.2,14.6,8.1,Equity Savings Mutual Funds
SBI Flexi Cap Fund,100928,0.85,0.5,-1,25.2,11,Flexi Cap Funds
SBI Focused Equity Fund,100929,0.69,0.5,-4.9,22,12.2,Focused Funds
SBI Gold Fund,100934,0.1,0.5,14.8,11.9,13.4,FoFs Domestic
SBI Healthcare Opportunities Fund,100968,1.09,0.5,-1.6,25.7,13.6,Sectoral / Thematic Mutual Funds
SBI Infrastructure Fund,100999,1.88,0.5,12.8,33.5,13,Sectoral / Thematic Mutual Funds
SBI Large & Midcap Fund,101001,0.99,0.5,6.5,30.2,13.6,Large & Mid Cap Funds
SBI Liquid Fund,101002,0.18,0.1,5.6,4.3,5.3,Liquid Mutual Funds
SBI Long Term Advantage Fund,101003,1.75,0.3,0.1,43.3,19.5,ELSS Mutual Funds
SBI Long Term Advantage Fund,101160,1.76,0.3,1.1,36.2,15.4,ELSS Mutual Funds
SBI Long Term Advantage Fund,101169,1.76,0.3,0.5,35.5,14.5,ELSS Mutual Funds
SBI Long Term Advantage Fund,101206,1.76,0.3,1,36.4,14,ELSS Mutual Funds
SBI Long Term Equity Fund,101295,1.07,0.5,8.7,30.1,11.6,ELSS Mutual Funds
SBI Magnum Children’s Benefit Fund,101530,0.86,0.3,3.1,15.2,8.3,Childrens Funds
SBI Magnum Comma Fund,101551,2.03,0.5,-12.1,30.9,11.3,Sectoral / Thematic Mutual Funds
SBI Magnum Equity ESG Fund,101929,1.35,0.5,-2.7,24.2,12.2,Sectoral / Thematic Mutual Funds
SBI Magnum Gilt Fund,101932,0.46,0.2,5.7,6.1,8.3,Gilt Mutual Funds
SBI Magnum Global Fund,101933,1.25,0.5,1.6,24.1,11.5,Sectoral / Thematic Mutual Funds
SBI Magnum Income Fund,101934,0.8,0.3,4.8,6.9,7.8,Medium to Long Duration Funds
SBI Magnum Low Duration Fund,101935,0.4,0.2,5.2,5.6,6.4,Low Duration Funds
SBI Magnum Medium Duration Fund,101950,0.69,0.3,4.6,7.2,7.9,Medium Duration Funds
SBI Magnum Midcap Fund,101951,0.97,0.5,6.4,37,13.5,Mid Cap Mutual Funds
SBI Magnum Ultra Short Duration Fund,101952,0.31,0.1,5.2,5.1,6.1,Ultra Short Duration Funds
SBI Multi Asset Allocation Fund,102030,0.88,0.5,5.9,16.1,9.6,Multi Asset Allocation Mutual Funds
SBI Nifty Index Fund,102053,0.18,0.5,0.9,26,11.8,Index Funds
SBI Overnight Fund,102054,0.1,0,5.3,3.9,4.6,Overnight Mutual Funds
SBI PSU Fund,102055,1.42,0.5,16,26.3,7.4,Sectoral / Thematic Mutual Funds
SBI Savings Fund,102056,0.23,0.2,5.5,5.3,6.2,Money Market Funds
SBI Short Term Debt Fund,102058,0.35,0.1,4.6,6.4,6.8,Short Duration Funds
SBI Small Cap Fund,102061,0.7,0.5,8.2,38.3,15.3,Small Cap Mutual Funds
SBI Tax Advantage Fund,102201,1.76,0.3,1.9,41.1,21.8,ELSS Mutual Funds
SBI Technology Opportunities Fund,102202,0.87,0.5,-8.7,37.1,21,Sectoral / Thematic Mutual Funds
Shriram Hybrid Equity Fund,125711,0.65,0.5,0.7,17.7,8.9,Aggressive Hybrid Mutual Funds
Sundaram Aggressive Hybrid Fund,100602,0.67,0.4,1.2,21.7,9.7,Aggressive Hybrid Mutual Funds
Sundaram Arbitrage Fund,100603,0.28,0.1,5.3,3.3,2.8,Arbitrage Mutual Funds
Sundaram Balanced Advantage Fund,100604,0.62,0.3,3.9,11.9,7.2,Dynamic Asset Allocation or Balanced Advantage
Sundaram Banking & PSU Debt Fund,100605,0.19,0.1,3.5,5,6.1,Banking and PSU Mutual Funds
Sundaram Consumption Fund,100606,1.46,0.5,7.3,22.5,8.8,Sectoral / Thematic Mutual Funds
Sundaram Corporate Bond Fund,100607,0.28,0.1,4.5,6.8,7.3,Corporate Bond Mutual Funds
Sundaram Debt Oriented Hybrid Fund,100608,1.2,0.2,4.1,11.6,6.2,Conservative Hybrid Mutual Funds
Sundaram Diversified Equity – Direct Growth,100609,1.66,0.5,2.2,26.1,8.9,ELSS Mutual Funds
Sundaram Dividend Yield Fund,100610,1.02,0.5,3.2,26.4,11.7,Dividend Yield Funds
Sundaram Equity Savings Fund,100611,0.54,0.2,3.9,16.8,9.9,Equity Savings Mutual Funds
Sundaram Fin Serv Opportunities – Direct Growth,100612,0.51,0.5,11.4,25.9,12.6,Sectoral / Thematic Mutual Funds
Sundaram Focused Fund,100613,1.2,0.5,-1.8,24.5,13.1,Focused Funds
Sundaram Infrastructure Advantage Fund,100614,1.87,0.5,7.3,32.5,9.1,Sectoral / Thematic Mutual Funds
Sundaram Large and Mid Cap Fund,100617,0.72,0.5,-1.3,25.4,11.7,Large & Mid Cap Funds
Sundaram Liquid Fund,100618,0.17,0.1,5.7,4.2,3.3,Liquid Mutual Funds
Sundaram Low Duration Fund,100619,0.33,0.1,5.6,4.9,1.8,Low Duration Funds
Sundaram LT MC Tax Advantage Fund,100620,1.22,0.5,1.4,42.8,9.5,ELSS Mutual Funds
Sundaram LT MC Tax Advantage Fund,100621,1.23,0.5,3.8,44.8,9.8,ELSS Mutual Funds
Sundaram LT MC Tax Advantage Fund,100622,1.26,0.5,3.5,42.3,8.6,ELSS Mutual Funds
Sundaram LT Tax Advantage Fund,100623,1.2,0.5,4,29.2,12.5,ELSS Mutual Funds
Sundaram LT Tax Advantage Fund,100780,1.01,0.5,4.4,29.6,11.5,ELSS Mutual Funds
Sundaram Medium Term Bond Fund,100781,1.11,0.2,2.5,5,5.3,Medium Duration Funds
Sundaram Mid Cap Fund,100782,1.04,0.5,4.3,27.4,8.2,Mid Cap Mutual Funds
Sundaram Multi Cap Fund,100783,0.97,0.5,-2.2,28.1,11,Multi Cap Funds
Sundaram Nifty 100 Equal Weight Fund,100784,0.46,0.5,-3.1,26.2,8.2,Index Funds
Sundaram Short Duration Fund,100785,0.28,0.1,4.8,6.4,4.8,Short Duration Funds
Sundaram Small Cap Fund,100786,1.01,0.5,1.6,44.9,9.3,Small Cap Mutual Funds
Sundaram Tax Savings Fund,100787,1.76,0.5,1.2,27.7,9.9,ELSS Mutual Funds
Sundaram Ultra Short Duration Fund,100788,0.17,0.2,5.7,4.7,4.5,Ultra Short Duration Funds
Tata Banking & Financial Services Fund,100414,0.59,0.5,11.9,23.2,12.6,Sectoral / Thematic Mutual Funds
Tata Digital India Fund,100415,0.31,0.5,-16,39,22.1,Sectoral / Thematic Mutual Funds
Tata Equity P/E Fund,100416,0.91,0.5,6.6,27.8,10,Value Funds
Tata Equity Saving Fund,100417,0.12,0.3,3.4,12,7.5,Equity Savings Mutual Funds
Tata Ethical Fund,100418,0.94,0.5,-1.6,27.9,13.1,Sectoral / Thematic Mutual Funds
Tata Gilt Securities Fund,100474,0.9,0.1,5.2,4.8,6.9,Gilt Mutual Funds
Tata Hybrid Equity Fund,100475,1.05,0.5,6.2,22.8,10.5,Aggressive Hybrid Mutual Funds
Tata India Consumer Fund,101000,0.91,0.5,2.8,23,10.6,Sectoral / Thematic Mutual Funds
Tata India Pharma & Healthcare Fund,101042,1.01,0.5,-8.1,21.7,14.8,Sectoral / Thematic Mutual Funds
Tata India Tax Savings Fund,101049,0.76,0.5,2.2,26.5,12,ELSS Mutual Funds
Tata Infrastructure Fund,101186,1.42,0.5,14,35,13.1,Sectoral / Thematic Mutual Funds
Tata Large & Mid Cap Fund,101222,0.89,0.5,8.8,33.5,14,Large & Mid Cap Funds
Tata Large Cap Fund,101224,1.24,0.5,1.8,25.7,11.3,Large Cap Mutual Funds
Tata Liquid Fund,101419,0.21,0.1,5.6,4.4,5.3,Liquid Mutual Funds
Tata Mid Cap Growth Fund,101471,0.98,0.5,1.3,29.2,13.5,Mid Cap Mutual Funds
Tata Money Market Fund,101489,0.17,0.2,5.7,5.6,4.8,Money Market Funds
Tata Nifty 50 Index Fund,101490,0.16,0.5,1,25.6,12,Index Funds
Tata Resources & Energy Fund,101491,0.91,0.5,-3.4,34.7,15.5,Sectoral / Thematic Mutual Funds
Tata Retirement Savings Fund,101547,0.68,0.5,0.5,19.3,9.4,Retirement Funds
Tata Retirement Savings Fund,101548,0.67,0.5,-0.7,33.7,11.3,Retirement Funds
Tata Retirement Savings Fund,101605,0.97,0.3,2.1,9.5,7.1,Retirement Funds
Tata S&P BSE Sensex Index Fund,101606,0.27,0.5,2.4,25.1,12.8,Index Funds
Tata Short Term Bond Fund,101609,0.37,0.1,4.7,6.6,5.8,Short Duration Funds
Tata Treasury Advantage Fund,101659,0.3,0.1,5,5.6,5.2,Low Duration Funds
Tata Young Citizens Fund,101672,1.8,0.5,1.5,27.3,10.3,Childrens Funds
Taurus Banking & Financial Services-Direct Growth,100476,1.66,0.5,9,21.9,11.9,Sectoral / Thematic Mutual Funds
Taurus Discovery (Midcap) Fund,100477,2.19,0.5,3.6,26.4,10.9,Mid Cap Mutual Funds
Taurus Ethical Fund,100480,1.18,0.5,-3.5,22.3,11.4,Sectoral / Thematic Mutual Funds
Taurus Flexi Cap Fund,101094,2.59,0.5,-4.1,20.2,5.4,Flexi Cap Funds
Taurus Infrastructure Fund,101095,2.02,0.5,-0.7,25.3,8.9,Sectoral / Thematic Mutual Funds
Taurus Largecap Equity Fund,101113,0.44,0.5,-2.5,19.5,7.6,Large Cap Mutual Funds
Taurus Nifty 50 Index Fund,101114,0.44,0.5,1.2,25.8,12.3,Index Funds
Taurus Tax Shield – Direct Growth,101209,1.73,0.5,6.8,24.4,10.6,ELSS Mutual Funds
Templeton India Equity Income Fund,100496,1.3,0.5,8.3,37.7,14.5,Dividend Yield Funds
Templeton India Value Fund,100497,0.91,0.5,13.1,39.4,12.3,Value Funds
Union Balanced Advantage Fund,115270,0.94,0.2,3.6,18.3,10.2,Dynamic Asset Allocation or Balanced Advantage
Union Dynamic Bond Fund,115290,1.29,0.2,2.6,4.7,6,Dynamic Bond
Union Flexi Cap Fund,115398,1.06,0.5,0.6,27.7,12.9,Flexi Cap Funds
Union Largecap Fund,115399,1.8,0.5,0.1,24.3,9.9,Large Cap Mutual Funds
Union Liquid Fund,115400,0.07,0.1,5.7,4.4,4.6,Liquid Mutual Funds
Union Long Term Equity Fund,115401,1.62,0.5,2.3,28.5,12.8,ELSS Mutual Funds
Union Small Cap Fund,115402,1.35,0.5,-0.1,37.1,12.8,Small Cap Mutual Funds
UTI-Arbitrage Fund,100381,0.34,0,5.4,4.7,5.5,Arbitrage Mutual Funds
UTI-Banking & PSU Debt Fund,100382,0.24,0.2,11,7.9,5.6,Banking and PSU Mutual Funds
UTI-Banking and Financial Services Fund,100646,1.39,0.5,8.2,24.4,6.7,Sectoral / Thematic Mutual Funds
UTI-Bond Fund,100648,1.29,0.2,12,10.4,4.4,Medium to Long Duration Funds
UTI-CCF Investment Plan – Direct Growth,100650,1.52,0.5,-3.3,24.1,10.1,Childrens Funds
UTI-Core Equity Fund,100651,1.68,0.5,4.1,30.7,10.2,Large & Mid Cap Funds
UTI-Credit Risk Fund,100656,0.81,0.3,5,8.3,-0.9,Credit Risk Funds
UTI-Dividend Yield Fund,100657,1.45,0.5,-1.5,26.8,11.3,Dividend Yield Funds
UTI-Dynamic Bond Fund,100663,0.81,0.2,12.5,11,6.3,Dynamic Bond
UTI-Flexi Cap Fund,100664,0.9,0.5,-9,22.5,12.2,Flexi Cap Funds
UTI-Gilt Fund,100668,0.67,0.2,5,5,7.3,Gilt Mutual Funds
UTI-Healthcare Fund,100669,1.47,0.5,-9,22,12,Sectoral / Thematic Mutual Funds
UTI-Hybrid Equity Fund,100678,1.34,0.5,5.3,25.8,9.8,Aggressive Hybrid Mutual Funds
UTI-India Consumer Fund,100682,1.8,0.5,-0.5,18,8.4,Sectoral / Thematic Mutual Funds
UTI-Infrastructure Fund,100684,1.92,0.5,12.9,28,9.4,Sectoral / Thematic Mutual Funds
UTI-Liquid – Cash Plan – Direct Growth,100685,0.14,0.1,5.7,4.4,5.3,Liquid Mutual Funds
UTI-Long Term Equity Fund,100711,0.95,0.5,-2.9,24.5,10.9,ELSS Mutual Funds
UTI-Mastershare – Direct Growth,100712,0.97,0.5,-2,24.2,11.5,Large Cap Mutual Funds
UTI-Medium Term Fund,100723,1,0.2,3.7,5.4,4.6,Medium Duration Funds
UTI-Mid Cap Fund,100724,0.99,0.5,0.4,31.1,11.4,Mid Cap Mutual Funds
UTI-MNC Fund,100725,1.24,0.5,3.3,18.1,7.9,Sectoral / Thematic Mutual Funds
UTI-Money Market Fund,100739,0.2,0.2,5.6,5.3,6.2,Money Market Funds
UTI-Multi Asset Fund,100740,1.04,0.5,4.9,16.5,7.5,Multi Asset Allocation Mutual Funds
UTI-Nifty 50 Index Fund,100741,0.2,0.5,0.9,26.2,12,Index Funds
UTI-Overnight Fund,100742,0.07,0,5.4,3.9,4.6,Overnight Mutual Funds
UTI-Regular Savings Fund,100748,1.2,0.3,3.7,13.5,7.2,Conservative Hybrid Mutual Funds
UTI-Retirement Benefit Pension Plan – Direct,100749,1.05,0.4,5.2,17.2,7.5,Retirement Funds
UTI-Short Term Income Fund,100750,0.33,0.2,5,8.5,5.4,Short Duration Funds
UTI-Transportation & Logistics Fund,100751,1.03,0.5,14.1,32.9,5.1,Sectoral / Thematic Mutual Funds
UTI-Treasury Advantage Fund,100800,0.33,0.1,5.2,7.3,4.8,Low Duration Funds
UTI-Ultra Short Term Fund,100801,0.44,0.2,5.4,6.1,5.7,Ultra Short Duration Funds
UTI-Unit Linked Insurance Plan – Direct,100802,0.96,0.3,-0.7,13.1,6.2,Dynamic Asset Allocation or Balanced Advantage
UTI-Value Opportunities Fund,100803,1.16,0.5,1.7,27.2,12.2,Value Funds
WhiteOak Capital Overnight Fund,145963,0.22,0,1.7,32.4,13.3,Overnight Mutual Funds
